{
   "writer":{
      "C1528730713505505":{
         "title":"Preparation day",
         "bodytext":"",
         "cards":{
            "card_152873348705757":{
               "cardtype":"Note Card",
               "cardtext":"Hi there.\n\nThe aim is to write a 50,000 word story. Rather than going for the 1,667 words we suggest you aim for 2000 per day, it's a nice round number :) \n\nHowever it's handy as you have 5 days free for planning and preparation, and also to give you some wriggle room for days when you struggle a bit, or have other commitments getting in the way.\n",
               "position":0
            }
         },
         "active":0,
         "position":0
      },
      "C1528730702512512":{
         "title":"Day 1",
         "bodytext":"",
         "cards":{
            "card_1528732411704704":{
               "cardtype":"Note Card",
               "cardtext":"Write at least 2,000 words",
               "position":0
            }
         },
         "active":0,
         "position":1
      },
      "C1528730708679680":{
         "title":"Day 2",
         "bodytext":"",
         "cards":{
            "card_1528732615590590":{
               "cardtype":"Note Card",
               "cardtext":"Write at least 2,000 words",
               "position":0
            }
         },
         "active":0,
         "position":2
      },
      "C1528730728184184":{
         "title":"Day 3",
         "bodytext":"",
         "cards":{
            "card_1528732620773773":{
               "cardtype":"Note Card",
               "cardtext":"Write at least 2,000 words",
               "position":0
            }
         },
         "active":0,
         "position":3
      },
      "C1528730733544544":{
         "title":"Day 4",
         "bodytext":"",
         "cards":{
            "card_1528732626437437":{
               "cardtype":"Note Card",
               "cardtext":"Write at least 2,000 words",
               "position":0
            }
         },
         "active":0,
         "position":4
      },
      "C1528730738669669":{
         "title":"Day 5",
         "bodytext":"",
         "cards":{
            "card_1528732631188188":{
               "cardtype":"Note Card",
               "cardtext":"Write at least 2,000 words",
               "position":0
            }
         },
         "active":0,
         "position":5
      },
      "C1528730743461461":{
         "title":"Day 6",
         "bodytext":"",
         "cards":{
            "card_1528732647392392":{
               "cardtype":"Note Card",
               "cardtext":"Write at least 2,000 words",
               "position":0
            }
         },
         "active":0,
         "position":6
      },
      "C1528730747733733":{
         "title":"Day 7",
         "bodytext":"",
         "cards":{
            "card_1528732654960960":{
               "cardtype":"Note Card",
               "cardtext":"Write at least 2,000 words",
               "position":0
            }
         },
         "active":0,
         "position":7
      },
      "C152873075306969":{
         "title":"Day 9",
         "bodytext":"",
         "cards":{
            "card_1528732659656656":{
               "cardtype":"Note Card",
               "cardtext":"Write at least 2,000 words",
               "position":0
            }
         },
         "active":0,
         "position":8
      },
      "C1528732240430430":{
         "title":"Day 10",
         "bodytext":"",
         "cards":{
            "card_1528732664915915":{
               "cardtype":"Note Card",
               "cardtext":"Write at least 2,000 words",
               "position":0
            }
         },
         "active":0,
         "position":9
      },
      "C1528732247159159":{
         "title":"Day 11",
         "bodytext":"",
         "cards":{
            "card_1528732669495495":{
               "cardtype":"Note Card",
               "cardtext":"Write at least 2,000 words",
               "position":0
            }
         },
         "active":0,
         "position":10
      },
      "C1528732252294294":{
         "title":"Day 12",
         "bodytext":"",
         "cards":{
            "card_1528732674777777":{
               "cardtype":"Note Card",
               "cardtext":"Write at least 2,000 words",
               "position":0
            }
         },
         "active":0,
         "position":11
      },
      "C1528732257606606":{
         "title":"Day 13",
         "bodytext":"",
         "cards":{
            "card_1528732679208208":{
               "cardtype":"Note Card",
               "cardtext":"Write at least 2,000 words",
               "position":0
            }
         },
         "active":0,
         "position":12
      },
      "C1528732262709709":{
         "title":"Day 14",
         "bodytext":"",
         "cards":{
            "card_1528732683342342":{
               "cardtype":"Note Card",
               "cardtext":"Write at least 2,000 words",
               "position":0
            }
         },
         "active":0,
         "position":13
      },
      "C1528732268677677":{
         "title":"Day 15",
         "bodytext":"",
         "cards":{
            "card_1528732687808808":{
               "cardtype":"Note Card",
               "cardtext":"Write at least 2,000 words",
               "position":0
            }
         },
         "active":0,
         "position":14
      },
      "C1528732274144144":{
         "title":"Day 16",
         "bodytext":"",
         "cards":{
            "card_1528732692576576":{
               "cardtype":"Note Card",
               "cardtext":"Write at least 2,000 words",
               "position":0
            }
         },
         "active":0,
         "position":15
      },
      "C1528732280791791":{
         "title":"Day 17",
         "bodytext":"",
         "cards":{
            "card_1528732697710710":{
               "cardtype":"Note Card",
               "cardtext":"Write at least 2,000 words",
               "position":0
            }
         },
         "active":0,
         "position":16
      },
      "C1528732287215215":{
         "title":"Day 18",
         "bodytext":"",
         "cards":{
            "card_1528732701837837":{
               "cardtype":"Note Card",
               "cardtext":"Write at least 2,000 words",
               "position":0
            }
         },
         "active":0,
         "position":17
      },
      "C1528732302175175":{
         "title":"Day 19",
         "bodytext":"",
         "cards":{
            "card_1528732706313313":{
               "cardtype":"Note Card",
               "cardtext":"Write at least 2,000 words",
               "position":0
            }
         },
         "active":0,
         "position":18
      },
      "C1528732310870870":{
         "title":"Day 20",
         "bodytext":"",
         "cards":{
            "card_1528732710241241":{
               "cardtype":"Note Card",
               "cardtext":"Write at least 2,000 words",
               "position":0
            }
         },
         "active":0,
         "position":19
      },
      "C1528732317397397":{
         "title":"Day 21",
         "bodytext":"",
         "cards":{
            "card_1528732716329329":{
               "cardtype":"Note Card",
               "cardtext":"Write at least 2,000 words",
               "position":0
            }
         },
         "active":0,
         "position":20
      },
      "C1528732322485485":{
         "title":"Day 22",
         "bodytext":"",
         "cards":{
            "card_1528732841873873":{
               "cardtype":"Note Card",
               "cardtext":"Write at least 2,000 words",
               "position":0
            }
         },
         "active":0,
         "position":21
      },
      "C1528732327517519":{
         "title":"Day 23",
         "bodytext":"",
         "cards":{
            "card_152873284605050":{
               "cardtype":"Note Card",
               "cardtext":"Write at least 2,000 words",
               "position":0
            }
         },
         "active":0,
         "position":22
      },
      "C1528732334472472":{
         "title":"Day 24",
         "bodytext":"",
         "cards":{
            "card_1528732850577577":{
               "cardtype":"Note Card",
               "cardtext":"Write at least 2,000 words",
               "position":0
            }
         },
         "active":0,
         "position":23
      },
      "C1528732344130130":{
         "title":"Day 25",
         "bodytext":"",
         "cards":{
            "card_1528732854467467":{
               "cardtype":"Note Card",
               "cardtext":"Write at least 2,000 words",
               "position":0
            }
         },
         "active":0,
         "position":24
      },
      "C152873235006363":{
         "title":"Day 26",
         "bodytext":"",
         "cards":{
            "card_1528732859459459":{
               "cardtype":"Note Card",
               "cardtext":"Write at least 2,000 words",
               "position":0
            }
         },
         "active":0,
         "position":25
      },
      "C1528732356751751":{
         "title":"Day 27",
         "bodytext":"",
         "cards":{
            "card_1528732863312312":{
               "cardtype":"Note Card",
               "cardtext":"Write at least 2,000 words",
               "position":0
            }
         },
         "active":0,
         "position":26
      },
      "C1528732363182182":{
         "title":"Day 28",
         "bodytext":"",
         "cards":{
            "card_1528732867862862":{
               "cardtype":"Note Card",
               "cardtext":"Write at least 2,000 words",
               "position":0
            }
         },
         "active":0,
         "position":27
      },
      "C1528732368933933":{
         "title":"Day 29",
         "bodytext":"",
         "cards":{
            "card_1528732871874874":{
               "cardtype":"Note Card",
               "cardtext":"Write at least 2,000 words",
               "position":0
            }
         },
         "active":0,
         "position":28
      },
      "C1528732374573573":{
         "title":"Day 30",
         "bodytext":"",
         "cards":{
            "card_15287328770088":{
               "cardtype":"Note Card",
               "cardtext":"Write at least 2,000 words",
               "position":0
            }
         },
         "active":0,
         "position":29
      }
   },
   "settings":{
      "theme":"default"
   },
   "timeline":[
      {
         "cardtitle":"Timeline Tool",
         "cardevent":"Right Now",
         "cardtext":"Use this to plan out your novel - it's standalone so you can add cards (and re-order them by dragging and dropping)"
      }
   ]
}
